<?xml version="1.0"?>
<pagescount>
	<html_total>1</html_total>
	<html_done>1</html_done>
	<images>22</images>
	<script>4</script>
	<css/>
	<pdf/>
	<documents/>
	<excel/>
	<powerpoint/>
	<flash/>
	<audios>16</audios>
	<videos/>
	<xml/>
	<json/>
	<txt/>
	<autocad/>
	<fonts>2</fonts>
	<scraping_reload>1</scraping_reload>
	<is_pretty_url>false</is_pretty_url>
	<has_trailing_slash>false</has_trailing_slash>
	<is_ebn>false</is_ebn>
	<email>sccpsteve@gmail.com</email>
	<theme_name>WmdTheme806188</theme_name>
	<server_url_front_page>https://www6.waybackmachinedownloader.com/wdo/files/demo/cdn.i-ready.com_sccpsteve_gmail.com_fn7luslhtl/</server_url_front_page>
	<no_www_url>cdn.i-ready.com</no_www_url>
	<hosted_domain/>
	<original_archive_url>https://cdn.i-ready.com/instruction/game-catstacker/master/75/index.html</original_archive_url>
	<final_archive_url>https://cdn.i-ready.com/instruction/game-catstacker/master/75/index.html</final_archive_url>
	<front_page_code_date/>
	<total_urls_from_api/>
	<max_reached_live>false</max_reached_live>
	<scrape_other_captures>false</scrape_other_captures>
	<total_size>5184</total_size>
<json_from_script>2</json_from_script></pagescount>
