{"frames": {

"bg_01.png":
{
	"frame": {"x":1,"y":1,"w":1250,"h":2048},
	"rotated": false,
	"trimmed": false,
	"spriteSourceSize": {"x":0,"y":0,"w":1250,"h":2048},
	"sourceSize": {"w":1250,"h":2048}
},
"bg_02.png":
{
	"frame": {"x":1253,"y":1,"w":1250,"h":2048},
	"rotated": false,
	"trimmed": false,
	"spriteSourceSize": {"x":0,"y":0,"w":1250,"h":2048},
	"sourceSize": {"w":1250,"h":2048}
},
"bg_03.png":
{
	"frame": {"x":1,"y":2051,"w":1250,"h":783},
	"rotated": false,
	"trimmed": false,
	"spriteSourceSize": {"x":0,"y":0,"w":1250,"h":783},
	"sourceSize": {"w":1250,"h":783}
},
"btnAudio0001.png":
{
	"frame": {"x":1678,"y":2368,"w":80,"h":80},
	"rotated": false,
	"trimmed": false,
	"spriteSourceSize": {"x":0,"y":0,"w":80,"h":80},
	"sourceSize": {"w":80,"h":80}
},
"btnAudio0002.png":
{
	"frame": {"x":2205,"y":2455,"w":80,"h":80},
	"rotated": false,
	"trimmed": false,
	"spriteSourceSize": {"x":0,"y":0,"w":80,"h":80},
	"sourceSize": {"w":80,"h":80}
},
"btnDone0001.png":
{
	"frame": {"x":218,"y":2883,"w":217,"h":110},
	"rotated": false,
	"trimmed": false,
	"spriteSourceSize": {"x":0,"y":0,"w":217,"h":110},
	"sourceSize": {"w":217,"h":110}
},
"btnDone0002.png":
{
	"frame": {"x":437,"y":2883,"w":217,"h":110},
	"rotated": false,
	"trimmed": false,
	"spriteSourceSize": {"x":0,"y":0,"w":217,"h":110},
	"sourceSize": {"w":217,"h":110}
},
"btnHelp0001.png":
{
	"frame": {"x":1253,"y":2667,"w":303,"h":153},
	"rotated": false,
	"trimmed": false,
	"spriteSourceSize": {"x":0,"y":0,"w":303,"h":153},
	"sourceSize": {"w":303,"h":153}
},
"btnHelp0002.png":
{
	"frame": {"x":1301,"y":2822,"w":303,"h":153},
	"rotated": false,
	"trimmed": false,
	"spriteSourceSize": {"x":0,"y":0,"w":303,"h":153},
	"sourceSize": {"w":303,"h":153}
},
"btnPlay0001.png":
{
	"frame": {"x":1606,"y":2806,"w":303,"h":153},
	"rotated": false,
	"trimmed": false,
	"spriteSourceSize": {"x":0,"y":0,"w":303,"h":153},
	"sourceSize": {"w":303,"h":153}
},
"btnPlay0002.png":
{
	"frame": {"x":1911,"y":2820,"w":303,"h":153},
	"rotated": false,
	"trimmed": false,
	"spriteSourceSize": {"x":0,"y":0,"w":303,"h":153},
	"sourceSize": {"w":303,"h":153}
},
"btnX0001.png":
{
	"frame": {"x":1558,"y":2667,"w":80,"h":80},
	"rotated": false,
	"trimmed": false,
	"spriteSourceSize": {"x":0,"y":0,"w":80,"h":80},
	"sourceSize": {"w":80,"h":80}
},
"btnX0002.png":
{
	"frame": {"x":1058,"y":2883,"w":80,"h":80},
	"rotated": false,
	"trimmed": false,
	"spriteSourceSize": {"x":0,"y":0,"w":80,"h":80},
	"sourceSize": {"w":80,"h":80}
},
"cat-lg1.png":
{
	"frame": {"x":2076,"y":2552,"w":392,"h":266},
	"rotated": false,
	"trimmed": false,
	"spriteSourceSize": {"x":0,"y":0,"w":392,"h":266},
	"sourceSize": {"w":392,"h":266}
},
"cat-lg2.png":
{
	"frame": {"x":1797,"y":2257,"w":406,"h":293},
	"rotated": false,
	"trimmed": false,
	"spriteSourceSize": {"x":0,"y":0,"w":406,"h":293},
	"sourceSize": {"w":406,"h":293}
},
"cat-lg3.png":
{
	"frame": {"x":1253,"y":2368,"w":423,"h":297},
	"rotated": false,
	"trimmed": false,
	"spriteSourceSize": {"x":0,"y":0,"w":423,"h":297},
	"sourceSize": {"w":423,"h":297}
},
"cat-med1.png":
{
	"frame": {"x":2216,"y":2820,"w":267,"h":190},
	"rotated": false,
	"trimmed": false,
	"spriteSourceSize": {"x":0,"y":0,"w":267,"h":190},
	"sourceSize": {"w":267,"h":190}
},
"cat-med2.png":
{
	"frame": {"x":2205,"y":2257,"w":231,"h":196},
	"rotated": false,
	"trimmed": false,
	"spriteSourceSize": {"x":0,"y":0,"w":231,"h":196},
	"sourceSize": {"w":231,"h":196}
},
"cat-med3.png":
{
	"frame": {"x":1,"y":2883,"w":215,"h":135},
	"rotated": false,
	"trimmed": false,
	"spriteSourceSize": {"x":0,"y":0,"w":215,"h":135},
	"sourceSize": {"w":215,"h":135}
},
"cat-sm1.png":
{
	"frame": {"x":656,"y":2883,"w":150,"h":100},
	"rotated": false,
	"trimmed": false,
	"spriteSourceSize": {"x":0,"y":0,"w":150,"h":100},
	"sourceSize": {"w":150,"h":100}
},
"cat-sm2.png":
{
	"frame": {"x":936,"y":2883,"w":120,"h":110},
	"rotated": false,
	"trimmed": false,
	"spriteSourceSize": {"x":0,"y":0,"w":120,"h":110},
	"sourceSize": {"w":120,"h":110}
},
"cat-sm3.png":
{
	"frame": {"x":808,"y":2883,"w":126,"h":102},
	"rotated": false,
	"trimmed": false,
	"spriteSourceSize": {"x":0,"y":0,"w":126,"h":102},
	"sourceSize": {"w":126,"h":102}
},
"heightMarker.png":
{
	"frame": {"x":1,"y":2836,"w":1298,"h":45},
	"rotated": false,
	"trimmed": false,
	"spriteSourceSize": {"x":0,"y":0,"w":1298,"h":45},
	"sourceSize": {"w":1298,"h":45}
},
"leveEnd-Time.png":
{
	"frame": {"x":1797,"y":2051,"w":615,"h":204},
	"rotated": false,
	"trimmed": false,
	"spriteSourceSize": {"x":0,"y":0,"w":615,"h":204},
	"sourceSize": {"w":615,"h":204}
},
"levelEnd-Up.png":
{
	"frame": {"x":1678,"y":2552,"w":396,"h":252},
	"rotated": false,
	"trimmed": false,
	"spriteSourceSize": {"x":0,"y":0,"w":396,"h":252},
	"sourceSize": {"w":396,"h":252}
},
"paw.png":
{
	"frame": {"x":1678,"y":2450,"w":68,"h":69},
	"rotated": false,
	"trimmed": false,
	"spriteSourceSize": {"x":0,"y":0,"w":68,"h":69},
	"sourceSize": {"w":68,"h":69}
},
"scratchingPost.png":
{
	"frame": {"x":1253,"y":2051,"w":542,"h":315},
	"rotated": false,
	"trimmed": false,
	"spriteSourceSize": {"x":0,"y":0,"w":542,"h":315},
	"sourceSize": {"w":542,"h":315}
},
"timer0001.png":
{
	"frame": {"x":2470,"y":2051,"w":33,"h":332},
	"rotated": false,
	"trimmed": false,
	"spriteSourceSize": {"x":0,"y":0,"w":33,"h":332},
	"sourceSize": {"w":33,"h":332}
},
"timer0002.png":
{
	"frame": {"x":2470,"y":2385,"w":33,"h":332},
	"rotated": false,
	"trimmed": false,
	"spriteSourceSize": {"x":0,"y":0,"w":33,"h":332},
	"sourceSize": {"w":33,"h":332}
},
"timerIcon.png":
{
	"frame": {"x":2414,"y":2051,"w":48,"h":50},
	"rotated": false,
	"trimmed": false,
	"spriteSourceSize": {"x":0,"y":0,"w":48,"h":50},
	"sourceSize": {"w":48,"h":50}
}},
"meta": {
	"app": "https://www.codeandweb.com/texturepacker",
	"version": "1.0",
	"image": "assets.png",
	"format": "RGBA8888",
	"size": {"w":2504,"h":3019},
	"scale": "1",
	"smartupdate": "$TexturePacker:SmartUpdate:b31cf9ea6bd8b0977c06b98dec2baefc:4cbe2b475f64171a8f30dd6bd4cd6519:a759b6bbc8381ac9c472b28f589ad0d6$"
}
}
