{ 
    
    "cat-lg1": [
        {
            "shape": [ 62,261, 52,83, 281,81, 279,261 ]
        }
    ]
    , 
    "cat-lg2": [
        {
            "shape": [ 62,288, 52,110, 281,108, 279,288 ]
        }
    ]
    , 
    "cat-lg3": [
        {
            "shape": [ 62,292, 52,114, 281,112, 279,292 ]
        }
    ]
    , 
    "cat-med1": [
        {
            "shape": [ 180,185, 27,185, 36,70, 182,70 ]
        }
    ]
    , 
    "cat-med2": [
        {
            "shape": [ 180,191, 27,191, 36,75, 182,75 ]
        }
    ]
    , 
    "cat-med3": [
        {
            "shape": [ 180,130, 27,130, 36,15, 182,15 ]
        }
    ]
    , 
    "scratchingPost": [
        {
            "shape": [ 255,312, 17,10, 522,10 ]
        }
    ]
    , 
    "cat-sm1": [
        {
            "shape": [ 98,35, 101,95, 27,95, 26,35 ]
        }
    ]
    , 
    "cat-sm2": [
        {
            "shape": [ 98,45, 101,105, 27,105, 26,45 ]
        }
    ]
    , 
    "cat-sm3": [
        {
            "shape": [ 98,37, 101,97, 27,97, 26,37 ]
        }
    ]
}
